Series Name;Series Code;Country Name;Country Code;2015 [YR2015];2016 [YR2016];2017 [YR2017];2018 [YR2018];2019 [YR2019]
Exports of goods and services (% of GDP);NE.EXP.GNFS.ZS;Afghanistan;AFG;..;..;..;..;..
Exports of goods and services (% of GDP);NE.EXP.GNFS.ZS;Albania;ALB;27.2673911512668;28.9778991754721;31.5697983098872;31.5719544148007;31.3042698874727
Exports of goods and services (% of GDP);NE.EXP.GNFS.ZS;Algeria;DZA;20.5281416810455;18.4866879717888;20.3336795171675;23.423105738908;20.407941949491
Exports of goods and services (% of GDP);NE.EXP.GNFS.ZS;American Samoa;ASM;63.5958395245171;63.9344262295082;59.1503267973856;68.2316118935837;61.6692426584235
Exports of goods and services (% of GDP);NE.EXP.GNFS.ZS;Andorra;AND;..;..;..;..;..
Exports of goods and services (% of GDP);NE.EXP.GNFS.ZS;Angola;AGO;29.7545979506807;28.1244854472006;29.0041020030504;40.8362898299819;40.7907550532833
Exports of goods and services (% of GDP);NE.EXP.GNFS.ZS;Antigua and Barbuda;ATG;70.6912007913569;70.0199146232009;64.5718183599372;62.470548111624;69.2086423595831
Exports of goods and services (% of GDP);NE.EXP.GNFS.ZS;Argentina;ARG;10.7056520504538;12.5270951690009;11.3202833596733;14.4366857499034;17.9248783778462
Exports of goods and services (% of GDP);NE.EXP.GNFS.ZS;Armenia;ARM;29.7253912120334;33.7442798606396;38.2160456550464;39.3928940286073;41.3508013620849
Exports of goods and services (% of GDP);NE.EXP.GNFS.ZS;Aruba;ABW;72.8529128494511;71.8204350098217;72.5486898260087;72.2527739552586;73.2345915426225
Exports of goods and services (% of GDP);NE.EXP.GNFS.ZS;Australia;AUS;20.0581264737037;19.2622259086547;21.228525081023;21.853558200255;24.1117883614814
Exports of goods and services (% of GDP);NE.EXP.GNFS.ZS;Austria;AUT;53.0890605587958;52.4063936498056;54.0511531414978;55.4622191178234;55.7607848112938
Exports of goods and services (% of GDP);NE.EXP.GNFS.ZS;Azerbaijan;AZE;37.7947774917249;46.4276493913136;48.547864732761;54.0922938620586;49.0506275016423
Exports of goods and services (% of GDP);NE.EXP.GNFS.ZS;Bahamas, The;BHS;36.3376999460242;33.217256558054;32.2815791839303;35.8399784397343;35.5641431446966
Exports of goods and services (% of GDP);NE.EXP.GNFS.ZS;Bahrain;BHR;82.9063889562962;74.1659485157986;75.8869279068179;79.2525219237919;76.485960757711
Exports of goods and services (% of GDP);NE.EXP.GNFS.ZS;Bangladesh;BGD;17.3366737865485;13.9212044814459;12.8197468906003;12.6747879443391;13.0947573353039
Exports of goods and services (% of GDP);NE.EXP.GNFS.ZS;Barbados;BRB;39.933206088244;36.4194645556169;35.6181817992745;41.0558673000406;41.7775316710853
Exports of goods and services (% of GDP);NE.EXP.GNFS.ZS;Belarus;BLR;58.0102324546769;62.5093471231924;66.7899156485229;70.4545454545455;65.0944096428465
Exports of goods and services (% of GDP);NE.EXP.GNFS.ZS;Belgium;BEL;77.8052821516798;79.4296154739536;83.1824102499921;83.0796294670067;82.3971820616943
Exports of goods and services (% of GDP);NE.EXP.GNFS.ZS;Belize;BLZ;51.5288427541256;47.2863952229545;49.7956096981231;51.5800710305332;51.8967694718585
Exports of goods and services (% of GDP);NE.EXP.GNFS.ZS;Benin;BEN;24.7204512110389;27.6067880711982;27.2055947818832;27.2742306189085;29.6305271935478
Exports of goods and services (% of GDP);NE.EXP.GNFS.ZS;Bermuda;BMU;49.9708394613543;49.3300565760921;48.5381492501872;51.4791563825902;51.7434243981752
Exports of goods and services (% of GDP);NE.EXP.GNFS.ZS;Bhutan;BTN;32.0176797892328;27.5287896801353;28.4464056156984;29.1897197991707;31.4575059018919
Exports of goods and services (% of GDP);NE.EXP.GNFS.ZS;Bolivia;BOL;30.8682960291245;24.4880055394464;24.9041443675799;25.9887950588635;24.9672622840166
Exports of goods and services (% of GDP);NE.EXP.GNFS.ZS;Bosnia and Herzegovina;BIH;35.1148756307611;35.9087093866022;40.3244111739223;41.9845635628313;40.0400711149533
Exports of goods and services (% of GDP);NE.EXP.GNFS.ZS;Botswana;BWA;53.0908973428197;54.6113547604529;42.9200424885539;44.2281439237392;37.0878176552067
Exports of goods and services (% of GDP);NE.EXP.GNFS.ZS;Brazil;BRA;12.9001914177405;12.4666790443888;12.5189678700669;14.6349994952986;14.1229191903622
Exports of goods and services (% of GDP);NE.EXP.GNFS.ZS;British Virgin Islands;VGB;..;..;..;..;..
Exports of goods and services (% of GDP);NE.EXP.GNFS.ZS;Brunei Darussalam;BRN;52.2105973675329;49.5769062738125;49.5732416988601;51.9331276945691;57.946040538108
Exports of goods and services (% of GDP);NE.EXP.GNFS.ZS;Bulgaria;BGR;63.807157120467;63.8820003964575;67.0133002681935;65.7095232799399;63.9454784589651
Exports of goods and services (% of GDP);NE.EXP.GNFS.ZS;Burkina Faso;BFA;26.1076455357024;25.915964804251;26.4523856350501;28.0789061419219;29.2576956603939
Exports of goods and services (% of GDP);NE.EXP.GNFS.ZS;Burundi;BDI;6.41727356534236;6.38452218976084;6.02657432870477;5.6856543143069;5.17203999926172
Exports of goods and services (% of GDP);NE.EXP.GNFS.ZS;Cabo Verde;CPV;41.1354523359312;41.4729487181747;42.0688035837608;45.865993464408;46.7050331370949
Exports of goods and services (% of GDP);NE.EXP.GNFS.ZS;Cambodia;KHM;61.7184237580141;61.2815249299622;60.6819578069221;61.5957275123247;61.0912965254955
Exports of goods and services (% of GDP);NE.EXP.GNFS.ZS;Cameroon;CMR;20.9891496295315;18.9499787559649;18.3510985830022;18.7362534690181;19.8500907473186
Exports of goods and services (% of GDP);NE.EXP.GNFS.ZS;Canada;CAN;31.8499609634443;31.5025724093362;31.4544101509781;32.3254037264858;32.3526958202565
Exports of goods and services (% of GDP);NE.EXP.GNFS.ZS;Cayman Islands;CYM;..;..;74.0218172352361;71.587849045473;69.4710256634634
Exports of goods and services (% of GDP);NE.EXP.GNFS.ZS;Central African Republic;CAF;17.0676606236635;14.8218796578137;17.2597737600181;15.9400300007701;15.7553800018083
Exports of goods and services (% of GDP);NE.EXP.GNFS.ZS;Chad;TCD;30.0017608897127;26.2950367647059;33.8729624845644;36.1906824485852;36.7422534363826
Exports of goods and services (% of GDP);NE.EXP.GNFS.ZS;Channel Islands;CHI;..;..;..;..;..
Exports of goods and services (% of GDP);NE.EXP.GNFS.ZS;Chile;CHL;29.1910794910787;27.9231581095558;28.3313768335469;28.5290447397051;27.8746677570512
Exports of goods and services (% of GDP);NE.EXP.GNFS.ZS;China;CHN;21.3540798828321;19.5843800536022;19.692276988259;19.1121035363786;18.4099923155274
Exports of goods and services (% of GDP);NE.EXP.GNFS.ZS;Colombia;COL;15.6502115094968;14.7171392781975;15.1452897484006;15.8997196775431;15.8680386541241
Exports of goods and services (% of GDP);NE.EXP.GNFS.ZS;Comoros;COM;10.1361983069761;10.6728955768962;11.9013164484663;12.909022989086;12.7734606325226
Exports of goods and services (% of GDP);NE.EXP.GNFS.ZS;Congo, Dem. Rep.;COD;27.7255678009169;23.9564422023011;35.2505221787596;32.5535282647371;25.8676651009614
Exports of goods and services (% of GDP);NE.EXP.GNFS.ZS;Congo, Rep.;COG;40.8570487934502;42.068526050081;47.9627316588394;62.2105922950548;56.1988161669292
Exports of goods and services (% of GDP);NE.EXP.GNFS.ZS;Costa Rica;CRI;29.9956578645001;31.2600962991367;32.7626831473135;33.7385107753206;34.3253215588929
Exports of goods and services (% of GDP);NE.EXP.GNFS.ZS;Cote d'Ivoire;CIV;27.3532437923476;24.9418624533151;25.4987866021143;22.6941999168587;22.6604887650452
Exports of goods and services (% of GDP);NE.EXP.GNFS.ZS;Croatia;HRV;45.4201753958346;46.5412375089579;48.7949758599072;48.9559828196958;50.1631450658156
Exports of goods and services (% of GDP);NE.EXP.GNFS.ZS;Cuba;CUB;17.1473888133975;14.9829691254326;14.5512704817734;14.5227333911607;12.2133743797594
Exports of goods and services (% of GDP);NE.EXP.GNFS.ZS;Curacao;CUW;68.4941164317425;62.995509914548;59.6296892793727;63.2460008659465;..
Exports of goods and services (% of GDP);NE.EXP.GNFS.ZS;Cyprus;CYP;70.0173031293258;70.4840522281272;73.8364840623299;74.9673023347764;76.4877486300826
Exports of goods and services (% of GDP);NE.EXP.GNFS.ZS;Czechia;CZE;80.5587781149995;79.1070766309635;79.0271394981121;76.9435759590934;73.8797803262645
Exports of goods and services (% of GDP);NE.EXP.GNFS.ZS;Denmark;DNK;55.418174402012;53.4259805224841;55.0773767829077;56.5598044910739;58.6471822154845
Exports of goods and services (% of GDP);NE.EXP.GNFS.ZS;Djibouti;DJI;145.421307480105;103.764025112093;150.098361470494;156.619875027706;166.717746372109
Exports of goods and services (% of GDP);NE.EXP.GNFS.ZS;Dominica;DMA;47.3242967417585;44.6311269941253;40.8758761246707;29.1932598071942;..
Exports of goods and services (% of GDP);NE.EXP.GNFS.ZS;Dominican Republic;DOM;23.7615822994204;23.909379521893;23.6821453426385;23.5514313052003;23.0692820412923
Exports of goods and services (% of GDP);NE.EXP.GNFS.ZS;Ecuador;ECU;22.754485726599;20.53929115589;21.4855873912769;23.5438708460917;24.0486348220803
Exports of goods and services (% of GDP);NE.EXP.GNFS.ZS;Egypt, Arab Rep.;EGY;13.1838454928598;10.3454639403558;15.0140868185672;17.984655608418;16.6440314510365
Exports of goods and services (% of GDP);NE.EXP.GNFS.ZS;El Salvador;SLV;29.4861730232304;28.4585905008509;29.0297643758665;28.9343737810256;29.9559096080003
Exports of goods and services (% of GDP);NE.EXP.GNFS.ZS;Equatorial Guinea;GNQ;56.6584738218082;51.4128299447575;58.8631052137026;59.6145347244398;51.1307495482003
Exports of goods and services (% of GDP);NE.EXP.GNFS.ZS;Eritrea;ERI;..;..;..;..;..
Exports of goods and services (% of GDP);NE.EXP.GNFS.ZS;Estonia;EST;77.4354984416443;77.00753773581;75.8098540993405;74.3238978479862;73.3595544405733
Exports of goods and services (% of GDP);NE.EXP.GNFS.ZS;Eswatini;SWZ;43.1068657851489;44.059035008166;43.5131078705156;40.4318355784953;45.6478964535104
Exports of goods and services (% of GDP);NE.EXP.GNFS.ZS;Ethiopia;ETH;9.36331359735926;7.81208050267299;7.62936862241418;8.37267586646371;7.9399766087609
Exports of goods and services (% of GDP);NE.EXP.GNFS.ZS;Faroe Islands;FRO;53.2164924640527;54.5363339704935;56.3652995883519;52.8180066352782;55.7697162765718
Exports of goods and services (% of GDP);NE.EXP.GNFS.ZS;Fiji;FJI;48.8367555799083;46.6472413870702;46.015565038712;47.7487957741689;48.4609021522354
Exports of goods and services (% of GDP);NE.EXP.GNFS.ZS;Finland;FIN;35.4069588665232;34.8104524683015;37.5495468424797;38.4687872116233;39.8806794019795
Exports of goods and services (% of GDP);NE.EXP.GNFS.ZS;France;FRA;30.5926223781313;30.2475371833945;30.9486331871;31.7136672102555;31.5920554143668
Exports of goods and services (% of GDP);NE.EXP.GNFS.ZS;French Polynesia;PYF;19.613765074754;19.6126341083126;19.556958430367;20.9791687502218;20.5923590296429
Exports of goods and services (% of GDP);NE.EXP.GNFS.ZS;Gabon;GAB;46.0320085043705;44.0353472921111;50.2267539725926;54.2990764910062;51.4310732271996
Exports of goods and services (% of GDP);NE.EXP.GNFS.ZS;Gambia, The;GMB;19.59633316034;15.9115118159461;16.7894553936941;21.7264294987761;18.8413979684695
Exports of goods and services (% of GDP);NE.EXP.GNFS.ZS;Georgia;GEO;40.1372493342596;39.9992925341285;45.8765524915336;49.6955410587561;54.3043084100873
Exports of goods and services (% of GDP);NE.EXP.GNFS.ZS;Germany;DEU;46.920738356608;46.0732628543356;47.1630406836519;47.3088591421652;47.1275808768289
Exports of goods and services (% of GDP);NE.EXP.GNFS.ZS;Ghana;GHA;33.8317048233696;31.193239148362;33.8768747799681;33.4548954489265;37.4495998625311
Exports of goods and services (% of GDP);NE.EXP.GNFS.ZS;Gibraltar;GIB;..;..;..;..;..
Exports of goods and services (% of GDP);NE.EXP.GNFS.ZS;Greece;GRC;32.1271612438756;31.2874562644429;35.0340942348023;38.9929061011015;40.1107639268746
Exports of goods and services (% of GDP);NE.EXP.GNFS.ZS;Greenland;GRL;37.5798451272169;40.765047712594;40.692233747059;44.4545789045455;41.0427004962382
Exports of goods and services (% of GDP);NE.EXP.GNFS.ZS;Grenada;GRD;..;..;..;..;..
Exports of goods and services (% of GDP);NE.EXP.GNFS.ZS;Guam;GUM;18.0720813933437;18.9628876461617;18.9755529685681;19.2530160304082;22.2501966955153
Exports of goods and services (% of GDP);NE.EXP.GNFS.ZS;Guatemala;GTM;19.8299076925978;18.7530892947864;18.4950463014753;18.1693265265636;17.6119761529528
Exports of goods and services (% of GDP);NE.EXP.GNFS.ZS;Guinea;GIN;21.4968703897159;29.3715113134469;44.6602984532638;40.2070955310504;35.042049336042
Exports of goods and services (% of GDP);NE.EXP.GNFS.ZS;Guinea-Bissau;GNB;25.0467119622253;23.7747310385206;26.5343804075435;25.4768673297515;27.0026855948093
Exports of goods and services (% of GDP);NE.EXP.GNFS.ZS;Guyana;GUY;..;..;..;..;..
Exports of goods and services (% of GDP);NE.EXP.GNFS.ZS;Haiti;HTI;11.767746984448;11.6019709432331;11.0034703442067;10.7808225917355;10.5576734334849
Exports of goods and services (% of GDP);NE.EXP.GNFS.ZS;Honduras;HND;45.1667574562581;42.7141047814182;43.0938548370178;41.4548165613247;40.2189637388964
Exports of goods and services (% of GDP);NE.EXP.GNFS.ZS;Hong Kong SAR, China;HKG;195.89760161449;187.005128888725;188.902399636639;188.339507002291;177.651315174364
Exports of goods and services (% of GDP);NE.EXP.GNFS.ZS;Hungary;HUN;87.5264509328171;86.4047382876954;85.919564059938;83.7553158559384;81.5297406120423
Exports of goods and services (% of GDP);NE.EXP.GNFS.ZS;Iceland;ISL;51.6517214467662;47.4840362948306;45.7322400076772;46.0467623881339;43.7132484395931
Exports of goods and services (% of GDP);NE.EXP.GNFS.ZS;India;IND;19.8131891564097;19.1582349105904;18.7917648392972;19.9278285988606;18.6642648972528
Exports of goods and services (% of GDP);NE.EXP.GNFS.ZS;Indonesia;IDN;21.1601792601373;19.0889938535584;20.1773044351849;21.0027464970783;18.5915277973681
Exports of goods and services (% of GDP);NE.EXP.GNFS.ZS;Iran, Islamic Rep.;IRN;18.7208345068656;21.1617079991403;22.7356882630098;31.1163801000709;23.4838672675323
Exports of goods and services (% of GDP);NE.EXP.GNFS.ZS;Iraq;IRQ;34.5141464410956;28.1085236792986;33.9160634134979;40.8026420265318;38.0518681988838
Exports of goods and services (% of GDP);NE.EXP.GNFS.ZS;Ireland;IRL;121.850238402927;121.912360759951;120.706731367309;122.480946405531;128.004242909111
Exports of goods and services (% of GDP);NE.EXP.GNFS.ZS;Isle of Man;IMN;..;..;..;..;..
Exports of goods and services (% of GDP);NE.EXP.GNFS.ZS;Israel;ISR;31.1712490255778;29.9549598852839;29.2422558707299;29.8729164592503;29.0493529523896
Exports of goods and services (% of GDP);NE.EXP.GNFS.ZS;Italy;ITA;29.7159823723612;29.3278907466434;30.733733319636;31.3535542007886;31.6024197276206
Exports of goods and services (% of GDP);NE.EXP.GNFS.ZS;Jamaica;JAM;29.9216654806929;31.8134556140774;34.6570625717339;38.5638482851901;38.0360807474106
Exports of goods and services (% of GDP);NE.EXP.GNFS.ZS;Japan;JPN;17.4367598376529;16.0579692360598;17.5914391047836;18.3149455985223;17.4635264275221
Exports of goods and services (% of GDP);NE.EXP.GNFS.ZS;Jordan;JOR;36.5444370225267;34.3952100655679;34.7065318671243;35.1277586384661;36.6712029623066
Exports of goods and services (% of GDP);NE.EXP.GNFS.ZS;Kazakhstan;KAZ;28.5167080072354;31.8438886422836;32.3977529369879;37.6252184252873;36.4389870990994
Exports of goods and services (% of GDP);NE.EXP.GNFS.ZS;Kenya;KEN;15.1287339034504;13.2497448006759;12.7366599413725;12.541975333359;11.4279966637126
Exports of goods and services (% of GDP);NE.EXP.GNFS.ZS;Kiribati;KIR;13.9331505882353;16.6017334532374;13.195152233677;8.17828434504792;14.9861483974359
Exports of goods and services (% of GDP);NE.EXP.GNFS.ZS;Korea, Dem. People's Rep.;PRK;..;..;..;..;..
Exports of goods and services (% of GDP);NE.EXP.GNFS.ZS;Korea, Rep.;KOR;42.989561527711;40.1326509111205;40.9342069409884;41.7132908430894;39.2758610673609
Exports of goods and services (% of GDP);NE.EXP.GNFS.ZS;Kosovo;XKX;22.4513928552736;23.8274047992876;27.328844878341;29.0534647196644;29.3126074591152
Exports of goods and services (% of GDP);NE.EXP.GNFS.ZS;Kuwait;KWT;53.7662579967846;47.6315743594911;51.1963156476689;57.4954948554217;52.3310917890614
Exports of goods and services (% of GDP);NE.EXP.GNFS.ZS;Kyrgyz Republic;KGZ;35.1896004872594;35.8254088751692;34.2528413648354;31.6017300051143;33.4764696600324
Exports of goods and services (% of GDP);NE.EXP.GNFS.ZS;Lao PDR;LAO;33.9522573081909;33.209427456122;..;..;..
Exports of goods and services (% of GDP);NE.EXP.GNFS.ZS;Latvia;LVA;60.2753827650078;59.6070823895513;61.589439363058;61.4589417496788;60.0210271401091
Exports of goods and services (% of GDP);NE.EXP.GNFS.ZS;Lebanon;LBN;23.1396677268024;21.7261558874138;21.9269331860238;20.7545211587566;20.6977589567577
Exports of goods and services (% of GDP);NE.EXP.GNFS.ZS;Lesotho;LSO;42.8918037123102;45.779665212824;47.4769339969405;49.8331114219045;46.2093281781161
Exports of goods and services (% of GDP);NE.EXP.GNFS.ZS;Liberia;LBR;..;..;..;..;..
Exports of goods and services (% of GDP);NE.EXP.GNFS.ZS;Libya;LBY;22.2273741215145;14.5778875500388;27.1972557138798;39.6135044170514;41.2612030672135
Exports of goods and services (% of GDP);NE.EXP.GNFS.ZS;Liechtenstein;LIE;..;..;..;..;..
Exports of goods and services (% of GDP);NE.EXP.GNFS.ZS;Lithuania;LTU;68.7776407338805;67.5873830562834;73.5951637391515;75.2054048902229;77.2441152993638
Exports of goods and services (% of GDP);NE.EXP.GNFS.ZS;Luxembourg;LUX;191.835449041844;191.098633740622;192.747503540731;197.501337465788;206.411649793168
Exports of goods and services (% of GDP);NE.EXP.GNFS.ZS;Macao SAR, China;MAC;78.5067332391829;76.6414870235109;80.5341991834433;82.6699616409331;82.706393125478
Exports of goods and services (% of GDP);NE.EXP.GNFS.ZS;Madagascar;MDG;28.3906461296836;29.0925694335543;30.9026308764808;31.5360236539412;28.4244012431975
Exports of goods and services (% of GDP);NE.EXP.GNFS.ZS;Malawi;MWI;..;..;..;..;..
Exports of goods and services (% of GDP);NE.EXP.GNFS.ZS;Malaysia;MYS;69.4486908970754;66.7754454542508;70.011742508597;68.554971419686;65.2777668428576
Exports of goods and services (% of GDP);NE.EXP.GNFS.ZS;Maldives;MDV;..;..;..;..;..
Exports of goods and services (% of GDP);NE.EXP.GNFS.ZS;Mali;MLI;24.0437085118274;23.4429129749282;22.2140939375412;24.5223744016967;25.7052911327686
Exports of goods and services (% of GDP);NE.EXP.GNFS.ZS;Malta;MLT;154.618155592318;157.801342945413;158.096995084835;160.702900359333;163.818082515006
Exports of goods and services (% of GDP);NE.EXP.GNFS.ZS;Marshall Islands;MHL;44.3573572553207;36.6566653215587;39.2533189823972;39.8289198193646;37.2063266205984
Exports of goods and services (% of GDP);NE.EXP.GNFS.ZS;Mauritania;MRT;30.1951447553349;33.9251405488546;34.5056775300947;36.5862504012937;42.3975240406607
Exports of goods and services (% of GDP);NE.EXP.GNFS.ZS;Mauritius;MUS;51.4978524051162;49.1740762253697;48.1551661058958;46.0962669509066;44.6671405250455
Exports of goods and services (% of GDP);NE.EXP.GNFS.ZS;Mexico;MEX;34.1627726873238;36.8156772514808;37.5140886198874;39.0439304419331;38.4970333000564
Exports of goods and services (% of GDP);NE.EXP.GNFS.ZS;Micronesia, Fed. Sts.;FSM;27.0650027062475;28.2724;30.6008077994429;36.3735714285714;26.7941370558376
Exports of goods and services (% of GDP);NE.EXP.GNFS.ZS;Moldova;MDA;31.8069217883307;32.8664989349745;32.5328465977446;30.6963699430194;31.1910849579769
Exports of goods and services (% of GDP);NE.EXP.GNFS.ZS;Monaco;MCO;..;..;..;..;..
Exports of goods and services (% of GDP);NE.EXP.GNFS.ZS;Mongolia;MNG;44.1840502346828;50.872194055814;59.1666792670253;58.1647822769264;59.2172331806539
Exports of goods and services (% of GDP);NE.EXP.GNFS.ZS;Montenegro;MNE;42.1180721256354;40.6006659735659;41.0551905042252;42.8750002680603;43.8466387797969
Exports of goods and services (% of GDP);NE.EXP.GNFS.ZS;Morocco;MAR;29.9958538899695;30.7345951424219;32.6064609907781;33.8284373726717;34.093057468891
Exports of goods and services (% of GDP);NE.EXP.GNFS.ZS;Mozambique;MOZ;32.5722935328402;35.3819373953665;41.043463320554;45.5310358379472;37.1420563594711
Exports of goods and services (% of GDP);NE.EXP.GNFS.ZS;Myanmar;MMR;..;..;..;..;..
Exports of goods and services (% of GDP);NE.EXP.GNFS.ZS;Namibia;NAM;35.3708484097637;35.0094674181023;33.6208046258303;35.8825652135406;36.400882444122
Exports of goods and services (% of GDP);NE.EXP.GNFS.ZS;Nauru;NRU;71.5686274509804;72.3880597014925;60;54.4378698224852;60.5714285714286
Exports of goods and services (% of GDP);NE.EXP.GNFS.ZS;Nepal;NPL;10.2145885930146;8.17957803966234;7.8121886555374;7.81564102219889;7.77993647445109
Exports of goods and services (% of GDP);NE.EXP.GNFS.ZS;Netherlands;NLD;82.658896708444;79.5351647591471;83.391768024212;84.6834636757465;82.5377127008628
Exports of goods and services (% of GDP);NE.EXP.GNFS.ZS;New Caledonia;NCL;18.0691662889356;19.2654863869492;21.0077980936617;..;..
Exports of goods and services (% of GDP);NE.EXP.GNFS.ZS;New Zealand;NZL;27.9525601318731;26.639813972;27.5873336910609;27.8839087705317;27.3503056565813
Exports of goods and services (% of GDP);NE.EXP.GNFS.ZS;Nicaragua;NIC;40.0834610749855;38.8818761801074;41.338708120112;42.2773900941147;44.8045000879666
Exports of goods and services (% of GDP);NE.EXP.GNFS.ZS;Niger;NER;14.2683699619368;12.1833388939158;12.8065412142116;11.2957371550569;10.7593769160532
Exports of goods and services (% of GDP);NE.EXP.GNFS.ZS;Nigeria;NGA;..;..;..;..;..
Exports of goods and services (% of GDP);NE.EXP.GNFS.ZS;North Macedonia;MKD;48.7379999069691;50.663842164107;55.145719342637;60.3751373173263;62.4080567878813
Exports of goods and services (% of GDP);NE.EXP.GNFS.ZS;Northern Mariana Islands;MNP;52.967032967033;71.7073170731707;69.2948717948718;50.7302075326672;42.3370025402202
Exports of goods and services (% of GDP);NE.EXP.GNFS.ZS;Norway;NOR;38.5751887349717;35.9381714261875;36.7322649944946;38.2210272883516;36.640925320627
Exports of goods and services (% of GDP);NE.EXP.GNFS.ZS;Oman;OMN;49.651239248884;41.3189323917333;45.7152598634904;50.6213051386994;49.492016987897
Exports of goods and services (% of GDP);NE.EXP.GNFS.ZS;Pakistan;PAK;9.97457101697387;8.73671724677937;8.22161246904219;8.58179970762808;9.39086337877951
Exports of goods and services (% of GDP);NE.EXP.GNFS.ZS;Palau;PLW;51.5883186652744;48.0479259322324;45.2918685630048;42.026616160049;37.9182813185067
Exports of goods and services (% of GDP);NE.EXP.GNFS.ZS;Panama;PAN;47.6848616611021;41.9730018633101;41.8036991963371;42.3667958563275;40.3086697473788
Exports of goods and services (% of GDP);NE.EXP.GNFS.ZS;Papua New Guinea;PNG;..;..;..;..;..
Exports of goods and services (% of GDP);NE.EXP.GNFS.ZS;Paraguay;PRY;34.734658699956;37.1432329052059;38.1692845403814;36.8532235364332;36.0872909434467
Exports of goods and services (% of GDP);NE.EXP.GNFS.ZS;Peru;PER;21.2873252858958;22.6003137409908;24.7198719746973;25.1921846722472;24.0390874349068
Exports of goods and services (% of GDP);NE.EXP.GNFS.ZS;Philippines;PHL;27.2080572386549;26.6730033438683;29.5522908550262;30.2136053736583;28.3829200122031
Exports of goods and services (% of GDP);NE.EXP.GNFS.ZS;Poland;POL;47.450306399158;50.268318939351;52.0556850585588;52.7480289263233;53.1953356183897
Exports of goods and services (% of GDP);NE.EXP.GNFS.ZS;Portugal;PRT;40.6151154462762;40.2108236358286;42.7242663980773;43.4457190264876;43.5084218458323
Exports of goods and services (% of GDP);NE.EXP.GNFS.ZS;Puerto Rico;PRI;67.1949349700848;68.7581646726416;68.7237240865963;59.9538818579193;60.5788840862048
Exports of goods and services (% of GDP);NE.EXP.GNFS.ZS;Qatar;QAT;57.061477766584;47.7138414909054;52.889422628417;55.9418631716143;52.1888599262863
Exports of goods and services (% of GDP);NE.EXP.GNFS.ZS;Romania;ROU;41.3494837368548;42.4170514032136;42.3343189454166;41.5417472926055;40.2001946616386
Exports of goods and services (% of GDP);NE.EXP.GNFS.ZS;Russian Federation;RUS;28.703389442924;25.8544829769167;26.0908809797568;30.7932568020743;28.4334306799759
Exports of goods and services (% of GDP);NE.EXP.GNFS.ZS;Rwanda;RWA;13.23179477057;15.4218050576112;20.5283852817577;21.1080165453368;21.8254493508994
Exports of goods and services (% of GDP);NE.EXP.GNFS.ZS;Samoa;WSM;27.1409467284846;28.7780203174489;29.6622754715207;31.9656782036393;35.033330142378
Exports of goods and services (% of GDP);NE.EXP.GNFS.ZS;San Marino;SMR;174.452680950641;173.068169215678;168.778681330056;166.597497665141;163.997239166731
Exports of goods and services (% of GDP);NE.EXP.GNFS.ZS;Sao Tome and Principe;STP;..;..;..;..;..
Exports of goods and services (% of GDP);NE.EXP.GNFS.ZS;Saudi Arabia;SAU;32.5639317986462;30.1591591591592;33.5657515394054;37.1985098382865;34.0891962076157
Exports of goods and services (% of GDP);NE.EXP.GNFS.ZS;Senegal;SEN;22.6771945016724;21.5608580962682;21.9300831477167;22.9490914783308;24.9831341973865
Exports of goods and services (% of GDP);NE.EXP.GNFS.ZS;Serbia;SRB;45.1772418040017;48.5170935445558;50.4715286434326;50.4345612977047;51.0109231509171
Exports of goods and services (% of GDP);NE.EXP.GNFS.ZS;Seychelles;SYC;90.0846282601248;85.3502574058314;93.9095722862406;87.0444044109968;82.3562686214226
Exports of goods and services (% of GDP);NE.EXP.GNFS.ZS;Sierra Leone;SLE;19.2108806711263;23.701988596199;26.1923724759545;17.4673004044489;18.2469355821227
Exports of goods and services (% of GDP);NE.EXP.GNFS.ZS;Singapore;SGP;178.384608499682;164.715213242112;171.841622708604;178.230504749801;176.300088650586
Exports of goods and services (% of GDP);NE.EXP.GNFS.ZS;Sint Maarten (Dutch part);SXM;..;..;..;..;..
Exports of goods and services (% of GDP);NE.EXP.GNFS.ZS;Slovak Republic;SVK;91.6004742927044;93.4660454954659;95.0743273195023;95.8358511444373;91.908685245264
Exports of goods and services (% of GDP);NE.EXP.GNFS.ZS;Slovenia;SVN;77.1486782584484;77.5981668322775;83.1255055788893;84.7926764008035;83.6146933079979
Exports of goods and services (% of GDP);NE.EXP.GNFS.ZS;Solomon Islands;SLB;40.3605204942183;39.7285761190763;38.6791801808019;42.1262386063781;36.4969019192988
Exports of goods and services (% of GDP);NE.EXP.GNFS.ZS;Somalia;SOM;14.8600132318614;14.4394556550829;12.0491006006188;13.517411231923;12.0058197867515
Exports of goods and services (% of GDP);NE.EXP.GNFS.ZS;South Africa;ZAF;27.7136384124829;28.1560881698955;27.3400757812216;27.4970371508423;27.2021294051151
Exports of goods and services (% of GDP);NE.EXP.GNFS.ZS;South Sudan;SSD;36.6513492804707;..;..;..;..
Exports of goods and services (% of GDP);NE.EXP.GNFS.ZS;Spain;ESP;33.6108606686628;33.8624576012634;35.1305643393675;35.1450626692993;34.9069018147542
Exports of goods and services (% of GDP);NE.EXP.GNFS.ZS;Sri Lanka;LKA;19.893383820639;19.8240360429774;20.2242000365558;21.4462486139875;21.8235328944217
Exports of goods and services (% of GDP);NE.EXP.GNFS.ZS;St. Kitts and Nevis;KNA;..;..;..;..;..
Exports of goods and services (% of GDP);NE.EXP.GNFS.ZS;St. Lucia;LCA;..;..;..;..;..
Exports of goods and services (% of GDP);NE.EXP.GNFS.ZS;St. Martin (French part);MAF;..;..;..;..;..
Exports of goods and services (% of GDP);NE.EXP.GNFS.ZS;St. Vincent and the Grenadines;VCT;..;..;..;..;..
Exports of goods and services (% of GDP);NE.EXP.GNFS.ZS;Sudan;SDN;6.42291092918573;5.00449100738247;6.11214425821293;7.65020198466392;8.45298341762853
Exports of goods and services (% of GDP);NE.EXP.GNFS.ZS;Suriname;SUR;..;..;..;..;..
Exports of goods and services (% of GDP);NE.EXP.GNFS.ZS;Sweden;SWE;43.7667675162599;42.691478270481;43.734721932138;45.6830615126713;47.8092109523511
Exports of goods and services (% of GDP);NE.EXP.GNFS.ZS;Switzerland;CHE;63.8289557538988;66.817725925772;66.3484902889967;67.4781861031999;66.9653936798419
Exports of goods and services (% of GDP);NE.EXP.GNFS.ZS;Syrian Arab Republic;SYR;14.2911046581269;21.6800989026841;19.3396755851813;14.9170277126093;13.0100664640827
Exports of goods and services (% of GDP);NE.EXP.GNFS.ZS;Tajikistan;TJK;9.80269842951246;13.2003292553609;14.9285396132184;14.3754784742862;14.9799392742745
Exports of goods and services (% of GDP);NE.EXP.GNFS.ZS;Tanzania;TZA;17.1049115530965;16.349975063904;15.6634915658043;14.7391433931711;16.0367461484986
Exports of goods and services (% of GDP);NE.EXP.GNFS.ZS;Thailand;THA;67.6366902705865;67.0708839693011;66.6728324663767;64.838096899332;59.5188906218859
Exports of goods and services (% of GDP);NE.EXP.GNFS.ZS;Timor-Leste;TLS;3.04089423986922;3.13323756929747;2.38891874176109;2.91249818345183;21.2720506908123
Exports of goods and services (% of GDP);NE.EXP.GNFS.ZS;Togo;TGO;25.9760750542063;25.9963700139807;24.872603736957;24.2239524638869;23.8124527104537
Exports of goods and services (% of GDP);NE.EXP.GNFS.ZS;Tonga;TON;16.9603182865436;21.6766233475186;22.157027423774;21.4120288357904;21.9718329230219
Exports of goods and services (% of GDP);NE.EXP.GNFS.ZS;Trinidad and Tobago;TTO;..;..;..;..;..
Exports of goods and services (% of GDP);NE.EXP.GNFS.ZS;Tunisia;TUN;38.3998387567342;38.2952955757822;41.7207863819275;45.4856676552874;45.9504427945255
Exports of goods and services (% of GDP);NE.EXP.GNFS.ZS;Turkiye;TUR;24.5312773389092;23.0835091311263;26.0394223439924;31.2326925586374;33.0742147083823
Exports of goods and services (% of GDP);NE.EXP.GNFS.ZS;Turkmenistan;TKM;35.6754642894197;22.1505138514768;22.4683973422127;29.8999852816462;24.7336007327164
Exports of goods and services (% of GDP);NE.EXP.GNFS.ZS;Turks and Caicos Islands;TCA;..;..;..;..;..
Exports of goods and services (% of GDP);NE.EXP.GNFS.ZS;Tuvalu;TUV;..;..;..;..;..
Exports of goods and services (% of GDP);NE.EXP.GNFS.ZS;Uganda;UGA;12.8773253147369;12.4271644156806;16.6611294211705;15.0870530611511;17.1090580167383
Exports of goods and services (% of GDP);NE.EXP.GNFS.ZS;Ukraine;UKR;52.5976795082231;49.2986194577187;48.1249163515559;45.2352356625927;41.2316912560049
Exports of goods and services (% of GDP);NE.EXP.GNFS.ZS;United Arab Emirates;ARE;97.5631880705978;97.6631210861556;98.342392206754;91.994776867123;96.6641687524381
Exports of goods and services (% of GDP);NE.EXP.GNFS.ZS;United Kingdom;GBR;27.845950666101;28.9023395233588;30.8903510330461;31.5801113597336;31.63478028095
Exports of goods and services (% of GDP);NE.EXP.GNFS.ZS;United States;USA;12.4111486301271;11.8881592273253;12.177481026766;12.2871107596266;11.7950067827852
Exports of goods and services (% of GDP);NE.EXP.GNFS.ZS;Uruguay;URY;22.4778512515741;26.9316810976575;25.9311612176478;26.421659976166;27.718333861424
Exports of goods and services (% of GDP);NE.EXP.GNFS.ZS;Uzbekistan;UZB;13.7662913529249;12.33306570863;20.7480654926338;26.8410539302304;28.2980025068381
Exports of goods and services (% of GDP);NE.EXP.GNFS.ZS;Vanuatu;VUT;46.0336191420716;48.8660913501836;47.6598973537502;41.596872147025;50.3452768729642
Exports of goods and services (% of GDP);NE.EXP.GNFS.ZS;Venezuela, RB;VEN;..;..;..;..;..
Exports of goods and services (% of GDP);NE.EXP.GNFS.ZS;Viet Nam;VNM;72.9228516057117;74.1072855078048;81.7625221215025;84.4234560193748;85.1575871009316
Exports of goods and services (% of GDP);NE.EXP.GNFS.ZS;Virgin Islands (U.S.);VIR;41.6325416325416;47.0247498683518;63.3368476541908;53.1226102472598;54.9623877699587
Exports of goods and services (% of GDP);NE.EXP.GNFS.ZS;West Bank and Gaza;PSE;16.0623801208096;14.3267945006296;15.7242063492063;15.961564454493;15.5210552426533
Exports of goods and services (% of GDP);NE.EXP.GNFS.ZS;Yemen, Rep.;YEM;9.05157754562319;4.80919476774266;9.6882180621627;8.75559691367438;..
Exports of goods and services (% of GDP);NE.EXP.GNFS.ZS;Zambia;ZMB;37.1385258014734;35.3246757489657;34.9928577635918;37.9574045480394;34.6361926031881
Exports of goods and services (% of GDP);NE.EXP.GNFS.ZS;Zimbabwe;ZWE;19.1601757893503;19.9435315500903;19.6589047990109;26.1639731327864;27.5541564071286
Exports of goods and services (% of GDP);NE.EXP.GNFS.ZS;Africa Eastern and Southern;AFE;24.0460235003111;23.2499288224995;23.8248968460055;25.3159207377354;23.9031236285442
Exports of goods and services (% of GDP);NE.EXP.GNFS.ZS;Africa Western and Central;AFW;..;..;..;..;..
Exports of goods and services (% of GDP);NE.EXP.GNFS.ZS;Arab World;ARB;40.9958107514995;38.146583518502;42.5229543645415;45.0138434076296;43.0914173175096
Exports of goods and services (% of GDP);NE.EXP.GNFS.ZS;Caribbean small states;CSS;..;..;..;..;..
Exports of goods and services (% of GDP);NE.EXP.GNFS.ZS;Central Europe and the Baltics;CEB;61.3718766322704;62.5340638093768;63.6780778678435;63.2873914879653;62.2062459109166
Exports of goods and services (% of GDP);NE.EXP.GNFS.ZS;Early-demographic dividend;EAR;23.4528120501818;22.6279650867381;23.5625990676428;25.8024609093788;24.8020101780457
Exports of goods and services (% of GDP);NE.EXP.GNFS.ZS;East Asia & Pacific;EAS;30.2141216553033;28.1477183489753;29.1797404831773;29.1163562622256;27.9295717686753
Exports of goods and services (% of GDP);NE.EXP.GNFS.ZS;East Asia & Pacific (excluding high income);EAP;25.0203053657663;23.3831312519963;23.7992326838402;23.3129466124169;22.406504487144
Exports of goods and services (% of GDP);NE.EXP.GNFS.ZS;East Asia & Pacific (IDA & IBRD countries);TEA;25.0190872394479;23.3820858198089;23.7979337438761;23.3115677709204;22.405163343868
Exports of goods and services (% of GDP);NE.EXP.GNFS.ZS;Euro area;EMU;46.0022633155625;45.528305958567;47.209364090525;48.0542338885239;48.3069146763897
Exports of goods and services (% of GDP);NE.EXP.GNFS.ZS;Europe & Central Asia;ECS;42.0851589198055;42.1025752316011;43.6563774186062;45.1186603194712;45.0419095786687
Exports of goods and services (% of GDP);NE.EXP.GNFS.ZS;Europe & Central Asia (excluding high income);ECA;29.1601447454938;28.3519737853737;31.8000194976005;36.7374796013441;36.9641994347545
Exports of goods and services (% of GDP);NE.EXP.GNFS.ZS;Europe & Central Asia (IDA & IBRD countries);TEC;32.7053666577025;31.9648487730531;33.5646119917947;37.5768972985274;36.6561262720335
Exports of goods and services (% of GDP);NE.EXP.GNFS.ZS;European Union;EUU;47.0487691983483;46.6442844119344;48.2876705461831;49.1176351626429;49.4016501432035
Exports of goods and services (% of GDP);NE.EXP.GNFS.ZS;Fragile and conflict affected situations;FCS;..;..;..;..;..
Exports of goods and services (% of GDP);NE.EXP.GNFS.ZS;Heavily indebted poor countries (HIPC);HPC;22.1911451767089;21.0342379424966;22.9223162426754;23.6932236089987;23.1473392609543
Exports of goods and services (% of GDP);NE.EXP.GNFS.ZS;High income;HIC;30.8978615896218;29.9471142136859;31.1819265687384;32.0802016640094;31.2103807711926
Exports of goods and services (% of GDP);NE.EXP.GNFS.ZS;IBRD only;IBD;24.7797898995986;23.68994431023;24.2393696135855;25.3133678583633;24.4307671489356
Exports of goods and services (% of GDP);NE.EXP.GNFS.ZS;IDA & IBRD total;IBT;24.2090453905327;23.1729803965238;23.8184536882275;24.8503384509704;24.0004513435968
Exports of goods and services (% of GDP);NE.EXP.GNFS.ZS;IDA blend;IDB;..;..;..;..;..
Exports of goods and services (% of GDP);NE.EXP.GNFS.ZS;IDA only;IDX;21.3509313162517;19.9230677208848;21.0863340561443;21.3519627036861;21.1581074335567
Exports of goods and services (% of GDP);NE.EXP.GNFS.ZS;IDA total;IDA;18.0646100086578;17.6247926875211;19.1113198399159;19.6856675595595;19.5175070743399
Exports of goods and services (% of GDP);NE.EXP.GNFS.ZS;Late-demographic dividend;LTE;29.4117197926972;28.0772312887827;28.3775321827284;28.8101442340859;28.1207434322555
Exports of goods and services (% of GDP);NE.EXP.GNFS.ZS;Latin America & Caribbean;LCN;21.8752773026928;22.2578301276285;22.0502415871586;24.1056562470319;24.34062031817
Exports of goods and services (% of GDP);NE.EXP.GNFS.ZS;Latin America & Caribbean (excluding high income);LAC;20.1556774415242;20.5359970766449;20.4192683742981;22.8025008402671;23.0511152724731
Exports of goods and services (% of GDP);NE.EXP.GNFS.ZS;Latin America & the Caribbean (IDA & IBRD countries);TLA;20.9855746425903;21.371006780286;21.2659344373328;23.5945280920981;23.8367630600641
Exports of goods and services (% of GDP);NE.EXP.GNFS.ZS;Least developed countries: UN classification;LDC;20.3644809789942;18.0954785371839;19.535099793045;21.0741366536329;20.3900694175128
Exports of goods and services (% of GDP);NE.EXP.GNFS.ZS;Low & middle income;LMY;23.2143352563395;22.1816116245366;22.795834702088;23.6095377942313;22.8181172848694
Exports of goods and services (% of GDP);NE.EXP.GNFS.ZS;Low income;LIC;16.8527496412829;15.7916867719015;18.6617079097643;19.6973158279154;18.2945818370649
Exports of goods and services (% of GDP);NE.EXP.GNFS.ZS;Lower middle income;LMC;22.6463797048683;22.0887922292897;23.399097601673;24.7608131556448;24.099144018619
Exports of goods and services (% of GDP);NE.EXP.GNFS.ZS;Middle East & North Africa;MEA;38.2634590738188;35.8654422680591;39.2648872972266;43.0542287355809;40.8867852105216
Exports of goods and services (% of GDP);NE.EXP.GNFS.ZS;Middle East & North Africa (excluding high income);MNA;21.5695489813163;20.319599473401;24.2574831594164;29.5408258273097;26.5602406353135
Exports of goods and services (% of GDP);NE.EXP.GNFS.ZS;Middle East & North Africa (IDA & IBRD countries);TMN;21.6227411659629;20.3819237675813;24.3504374030538;29.6981153600493;26.6938139833511
Exports of goods and services (% of GDP);NE.EXP.GNFS.ZS;Middle income;MIC;23.3302958724833;22.2856382863747;22.8672017101497;23.6770202978368;22.8959461106879
Exports of goods and services (% of GDP);NE.EXP.GNFS.ZS;North America;NAC;13.9473730804528;13.3743613823771;13.68452013639;13.843935175664;13.3480607298892
Exports of goods and services (% of GDP);NE.EXP.GNFS.ZS;Not classified;INX;..;..;..;..;..
Exports of goods and services (% of GDP);NE.EXP.GNFS.ZS;OECD members;OED;27.307689904081;26.6795669155262;27.8233513766321;28.6263852109567;28.006257163164
Exports of goods and services (% of GDP);NE.EXP.GNFS.ZS;Other small states;OSS;72.1042849240809;68.7924109676157;70.0572944620049;71.3432459967212;71.9239162327564
Exports of goods and services (% of GDP);NE.EXP.GNFS.ZS;Pacific island small states;PSS;42.4103468631415;41.7659520646378;41.1770582208806;42.1976899776141;42.3231171267953
Exports of goods and services (% of GDP);NE.EXP.GNFS.ZS;Post-demographic dividend;PST;28.625627898391;27.792354595903;28.9884701105376;29.7019557135872;28.8580306779946
Exports of goods and services (% of GDP);NE.EXP.GNFS.ZS;Pre-demographic dividend;PRE;19.8713266373073;18.7880163601935;22.5071898490797;25.4790899783628;23.2505864581158
Exports of goods and services (% of GDP);NE.EXP.GNFS.ZS;Small states;SST;65.6264000810938;63.2692032726718;64.5620751842272;66.3627589818467;66.7400605019595
Exports of goods and services (% of GDP);NE.EXP.GNFS.ZS;South Asia;SAS;18.3591968653418;17.4468314952137;17.103235597533;17.9700620807116;17.2173067158903
Exports of goods and services (% of GDP);NE.EXP.GNFS.ZS;South Asia (IDA & IBRD);TSA;18.3591968653419;17.4468314952137;17.103235597533;17.9700620807116;17.2173067158903
Exports of goods and services (% of GDP);NE.EXP.GNFS.ZS;Sub-Saharan Africa;SSF;21.5287236256945;21.6462457587952;23.5433346046716;24.5536033422344;22.9840707491069
Exports of goods and services (% of GDP);NE.EXP.GNFS.ZS;Sub-Saharan Africa (excluding high income);SSA;21.4596239014771;21.5680355331565;23.456922138101;24.4795111686845;22.9121729193751
Exports of goods and services (% of GDP);NE.EXP.GNFS.ZS;Sub-Saharan Africa (IDA & IBRD countries);TSS;21.5287236256945;21.6462457587952;23.5433346046716;24.5536033422344;22.9840707491069
Exports of goods and services (% of GDP);NE.EXP.GNFS.ZS;Upper middle income;UMC;23.5814778865268;22.4349590824422;22.8357662359429;23.5146333628986;22.7072304923577
Exports of goods and services (% of GDP);NE.EXP.GNFS.ZS;World;WLD;28.2844922974302;27.3241898178964;28.277291174978;29.1440727563981;28.2735718596606
,,,,,,,,;;;;;;;;
,,,,,,,,;;;;;;;;
,,,,,,,,;;;;;;;;
Data from database: World Development Indicators,,,,,,,,;;;;;;;;
Last Updated: 10/24/2024,,,,,,,,;;;;;;;;
